GEOid2,Male25+,MaleAssociateDegree,MaleBachelorDegree,MaleMasterDegree,MaleProfessionalDegree,MaleDoctorateDegree,Female25+,FemaleAssociateDegree,FemaleBachelorDegree,FemaleMasterDegree,FemaleProfessionalDegree,FemaleDoctorateDegree
42003010300,123,16,15,21,10,0,655,10,0,82,0,0
42003020100,2715,88,239,265,136,28,1081,62,237,155,103,15
42003020300,219,14,84,37,13,0,229,0,80,44,22,8
42003030500,383,17,49,48,0,13,1005,22,85,45,32,28
42003040200,425,11,87,18,31,30,571,8,86,102,0,10
42003040400,514,0,87,202,73,25,549,27,205,75,0,25
42003040500,293,0,63,36,0,18,284,0,58,30,20,32
42003040600,362,0,37,23,0,55,218,19,29,22,0,0
42003040900,627,68,158,58,9,0,726,56,114,57,0,0
42003050100,484,36,27,7,0,0,671,22,70,33,0,0
42003050600,542,43,29,11,30,21,879,103,175,137,15,8
42003050900,248,0,0,64,0,0,460,78,51,51,21,0
42003051000,175,6,20,0,16,0,549,22,21,17,21,0
42003051100,184,0,0,0,0,0,328,12,0,17,0,0
42003060300,856,28,170,78,21,21,897,90,97,74,23,0
42003060500,537,48,156,11,0,0,629,111,84,13,0,11
42003070300,838,16,338,120,97,123,812,36,340,167,35,74
42003070500,1212,27,472,200,249,72,951,22,369,293,97,67
42003070600,775,34,220,241,112,97,663,31,284,132,42,97
42003070800,775,14,222,105,153,96,718,26,249,152,84,54
42003070900,1625,72,395,336,336,285,1517,105,390,435,104,153
42003080200,636,36,103,60,0,23,790,48,118,54,0,11
42003080400,530,29,125,73,0,50,482,33,83,35,0,48
42003080600,758,40,268,125,20,14,897,18,183,291,11,41
42003080700,562,23,144,131,16,62,496,54,173,91,0,32
42003080900,659,77,237,10,3,15,630,109,164,76,0,0
42003090100,640,13,101,0,0,13,649,27,45,18,0,0
42003090200,902,31,202,39,8,26,1293,129,314,61,88,5
42003090300,405,33,69,6,0,0,723,95,61,10,0,0
42003100500,613,48,114,58,18,0,893,68,121,165,9,0
42003101100,898,28,123,27,0,0,823,52,100,21,23,0
42003101400,1134,73,253,76,37,9,1524,141,272,162,68,35
42003101600,192,33,0,0,9,20,295,47,55,0,0,0
42003101700,456,0,19,26,11,0,614,74,39,43,9,0
42003101800,968,60,265,128,7,0,1202,38,247,140,37,7
42003110200,1327,131,381,200,91,58,1457,146,430,371,17,51
42003110600,802,20,194,157,83,128,1023,81,248,246,96,33
42003111300,846,84,78,48,0,19,1031,120,169,74,0,0
42003111400,366,59,26,0,0,0,457,1,49,18,0,0
42003111500,913,32,84,77,105,40,1297,70,323,139,48,0
42003120300,452,40,69,0,0,0,724,85,93,32,0,16
42003120400,212,7,10,3,0,0,337,44,0,5,0,0
42003120700,255,0,0,0,0,0,391,77,40,0,0,8
42003120800,266,10,9,15,0,0,339,47,38,0,0,0
42003130100,440,18,18,0,0,0,804,43,91,13,0,0
42003130200,315,23,68,0,16,0,414,36,33,14,0,0
42003130300,124,0,39,0,0,0,466,21,21,58,11,0
42003130400,302,27,98,0,0,0,535,101,0,25,0,0
42003130600,664,29,93,0,0,0,1039,114,90,32,0,0
42003140100,705,20,194,81,125,159,823,42,246,267,26,92
42003140200,839,10,174,243,201,148,882,0,227,211,127,119
42003140300,1175,10,225,271,259,188,1369,29,389,367,186,161
42003140400,719,10,196,121,110,137,909,10,229,225,91,96
42003140500,655,0,247,49,118,26,914,41,153,139,8,35
42003140600,1129,36,286,198,145,135,1205,0,255,313,113,105
42003140800,1406,93,265,359,259,211,1415,25,396,452,138,83
42003141000,308,6,54,102,25,36,422,12,75,125,40,37
42003141100,490,59,150,36,22,23,560,40,134,57,26,24
42003141300,1762,32,556,417,127,204,1890,121,511,477,132,134
42003141400,1774,44,483,273,227,132,1884,85,447,561,103,109
42003151600,883,94,171,111,7,40,984,62,237,67,17,29
42003151700,1647,119,428,273,52,112,1881,114,383,327,73,28
42003160800,783,0,166,73,16,9,895,42,86,74,37,16
42003160900,1144,89,352,164,51,36,1054,88,279,104,28,26
42003170200,1536,32,496,77,77,76,1041,86,181,154,69,24
42003170600,762,38,223,53,25,0,602,17,112,63,24,0
42003180300,652,30,51,12,14,0,863,82,18,30,0,0
42003180700,656,78,121,52,0,0,859,49,184,74,0,0
42003190300,813,106,176,105,92,31,739,0,252,135,8,0
42003191100,875,42,241,135,0,10,948,118,197,125,0,42
42003191400,965,69,316,38,44,0,1140,39,250,45,12,11
42003191500,796,72,32,34,0,0,703,45,50,37,11,0
42003191600,1401,133,250,127,0,22,1350,161,161,67,0,36
42003191700,1224,60,158,53,21,10,1453,185,322,56,18,0
42003191800,1926,130,256,119,39,34,2115,165,243,210,34,0
42003191900,743,86,154,27,0,23,835,102,141,38,0,38
42003192000,1154,155,177,42,31,0,1318,149,269,26,16,10
42003202200,704,42,42,57,0,18,1010,83,128,63,0,17
42003202300,1533,78,402,97,20,0,2005,208,403,171,12,0
42003210700,493,45,64,17,0,0,787,119,55,47,0,0
42003220600,662,9,178,87,15,8,666,52,167,44,13,4
42003240600,917,126,121,61,22,0,1036,33,145,27,21,0
42003241200,386,6,36,36,0,0,503,0,33,12,0,0
42003250300,359,0,116,41,26,0,409,12,42,36,8,30
42003250700,123,7,43,0,0,0,211,0,14,0,0,0
42003250900,369,32,22,27,0,0,550,79,39,2,0,0
42003260200,821,144,166,8,19,19,813,92,118,51,0,29
42003260700,647,37,151,33,15,12,667,85,121,29,0,0
42003260900,122,0,0,0,0,0,380,46,0,0,0,0
42003261200,524,46,44,3,0,0,396,20,54,19,0,0
42003261400,443,13,92,32,0,14,943,9,105,20,0,0
42003261500,561,48,89,0,0,0,760,140,60,0,0,0
42003262000,830,45,162,13,0,0,978,86,33,50,0,7
42003270100,903,54,223,93,10,12,1157,184,153,191,9,0
42003270300,602,28,39,16,8,10,855,86,59,16,56,0
42003270400,336,6,41,0,12,8,446,69,36,47,0,0
42003270800,1003,109,276,76,61,0,1128,122,278,83,21,0
42003271500,1065,50,108,11,0,0,1187,59,121,28,12,10
42003281400,603,9,64,0,9,0,729,58,35,10,0,0
42003281500,617,60,113,0,52,0,517,44,27,23,0,0
42003290100,778,85,50,0,0,19,712,39,52,10,0,9
42003290200,1159,137,79,45,12,9,1658,201,177,72,8,9
42003290400,1567,218,191,38,28,9,1630,185,179,99,0,8
42003300100,918,99,72,12,0,0,1334,51,175,45,0,0
42003310200,1153,153,116,36,0,0,1182,68,104,11,0,0
42003310300,374,23,106,16,0,0,387,49,39,66,10,0
42003320400,709,133,50,22,0,0,795,180,60,49,12,0
42003320600,873,139,208,17,0,0,906,108,129,80,0,0
42003320700,656,61,100,0,0,0,677,99,98,25,0,0
42003401100,1632,233,233,42,16,0,1941,119,181,93,24,0
42003401200,1076,83,95,20,0,9,1274,45,96,37,0,33
42003401300,820,77,197,99,22,0,1029,150,217,89,28,0
42003402000,969,88,100,28,0,0,1330,223,145,38,0,0
42003403500,1427,87,130,33,0,13,1498,174,89,87,12,0
42003404000,501,36,118,17,0,0,542,88,121,8,8,3
42003405000,427,52,67,10,3,0,431,43,53,28,0,0
42003406000,897,120,95,39,12,0,837,117,83,41,11,0
42003407001,1682,269,224,54,49,12,1933,255,273,62,46,12
42003407002,2287,324,550,133,109,5,2404,255,436,150,38,12
42003408001,1464,117,462,186,37,0,1805,120,446,120,40,0
42003408002,1851,162,582,278,38,77,2162,133,625,315,58,24
42003409000,3290,105,1227,699,294,117,3358,168,1374,554,142,22
42003410000,386,9,168,48,39,12,428,36,144,74,16,12
42003411000,2203,70,653,455,296,97,2098,111,734,441,193,53
42003412001,2461,45,853,647,317,97,2653,221,1060,624,146,44
42003412002,1631,117,508,302,172,93,1619,116,478,357,92,28
42003413100,2151,102,764,496,119,100,2201,159,668,477,63,48
42003413201,1330,98,565,103,40,94,1470,72,456,214,32,9
42003413202,877,91,316,99,58,33,1012,84,310,66,40,17
42003413300,1643,55,486,209,46,44,2030,207,387,259,37,12
42003413400,1484,120,570,290,31,55,1654,92,552,280,69,41
42003413500,1613,46,564,234,73,66,3061,148,628,891,58,125
42003414101,1763,115,617,257,108,37,1997,152,622,196,63,10
42003414102,2169,137,688,289,76,107,2649,326,848,129,101,13
42003414200,1937,170,459,186,179,9,2152,273,529,212,30,10
42003415001,1470,109,331,110,106,21,1550,104,305,196,30,27
42003415002,866,45,339,110,97,34,1011,114,287,113,7,37
42003416000,545,45,89,22,0,8,643,45,88,60,0,4
42003417100,762,74,100,61,0,0,879,99,87,38,0,0
42003417200,352,36,11,31,0,0,574,78,35,10,0,0
42003418000,655,72,118,27,26,6,667,100,136,23,7,18
42003419000,1045,62,122,72,71,37,1368,76,262,95,8,26
42003420000,616,53,185,22,0,8,584,77,112,38,0,8
42003421100,1381,67,400,258,149,158,1630,86,360,296,67,27
42003421200,1434,121,345,248,193,88,1645,69,398,274,93,45
42003422000,1927,45,548,305,463,167,1655,73,610,408,125,94
42003423000,862,51,190,154,34,94,1065,94,307,163,32,12
42003424000,1136,99,84,21,0,12,1209,123,121,11,0,26
42003425000,1231,157,81,49,0,50,1443,51,144,111,0,0
42003426300,2096,177,655,71,24,32,2335,177,420,240,13,18
42003426400,1640,98,345,120,38,10,1824,146,335,64,52,0
42003426700,736,108,130,45,9,0,992,55,145,176,9,0
42003426800,1939,217,617,152,20,15,2011,120,380,150,47,0
42003427000,1277,140,192,8,19,28,1461,177,145,14,0,0
42003427100,2013,189,607,183,38,0,2198,145,531,335,17,13
42003427200,1494,132,263,86,14,0,2117,165,304,282,0,21
42003428100,426,45,45,23,0,0,504,37,24,12,0,0
42003428200,687,88,76,54,27,7,801,68,114,36,12,0
42003429100,872,71,135,78,40,0,1082,80,195,140,21,11
42003429201,1514,84,382,244,127,39,1739,151,523,260,55,7
42003429202,1455,88,479,143,89,0,1717,119,511,256,60,21
42003429300,1880,119,614,162,0,26,2430,305,516,125,9,18
42003429400,1558,94,374,178,34,0,1672,176,399,221,71,0
42003429500,1324,59,438,156,57,12,1731,47,362,171,27,0
42003429600,1259,289,228,43,44,11,1292,210,277,83,15,0
42003429700,941,27,268,21,0,0,1004,64,144,74,20,0
42003430100,697,50,179,29,15,0,746,130,100,36,0,0
42003430200,1624,84,414,79,13,0,1750,191,418,186,16,0
42003431100,1114,141,231,45,23,17,1233,144,254,65,19,0
42003431400,647,27,185,9,0,0,766,102,126,46,0,0
42003431500,1065,102,138,52,33,0,1545,187,238,109,12,49
42003432300,789,65,192,31,0,0,874,20,72,83,12,0
42003432400,915,104,124,107,27,23,1093,100,98,62,0,0
42003434000,646,51,186,145,55,15,693,25,246,109,33,14
42003435000,851,93,162,22,17,11,860,116,205,50,0,0
42003437000,1542,42,328,174,134,54,1626,85,519,257,79,7
42003439000,514,38,102,76,59,16,488,43,114,80,9,10
42003445500,1102,35,388,180,75,9,1519,88,510,231,34,53
42003446000,470,9,158,105,115,21,615,19,229,131,54,25
42003447000,518,44,135,57,20,6,544,53,124,72,33,12
42003448000,403,23,66,24,2,3,463,47,60,23,4,0
42003449000,815,84,127,103,29,20,1012,113,203,42,0,7
42003450700,1023,107,168,54,19,9,1186,116,143,57,0,0
42003450800,819,57,35,10,6,0,1029,67,88,6,0,0
42003451101,1223,83,475,99,77,59,1322,138,332,125,47,0
42003451102,1248,107,457,70,12,28,1447,149,295,165,11,0
42003451104,1096,92,449,187,12,29,1207,115,315,111,29,15
42003451105,1330,80,354,66,10,0,1183,71,257,114,0,9
42003451300,2329,147,876,208,104,106,2622,322,629,479,65,11
42003452000,1700,128,336,171,15,0,1865,95,410,176,0,9
42003453003,713,60,156,92,0,0,691,101,104,21,0,0
42003453004,2406,217,901,298,57,14,2433,229,571,407,44,25
42003455000,492,41,92,15,0,2,504,58,52,17,4,0
42003456001,1229,80,327,155,51,4,1212,72,331,119,44,6
42003456003,1885,105,476,347,63,37,2049,152,490,330,23,17
42003456004,1608,120,561,182,35,21,1792,206,434,175,13,5
42003457100,545,42,97,18,0,0,630,96,64,17,0,0
42003457200,1358,114,320,29,38,8,1442,87,280,89,0,15
42003458000,2504,200,534,145,102,33,2565,247,512,205,94,33
42003459101,563,18,116,36,0,0,613,19,121,18,0,0
42003459102,1930,195,744,143,42,10,2060,249,529,162,16,12
42003459201,1944,64,457,254,51,0,2187,133,431,325,25,0
42003459202,270,4,120,26,3,0,328,30,132,55,2,10
42003460001,1489,110,355,62,0,0,1949,97,335,91,9,0
42003460002,1189,108,337,36,28,60,1241,115,271,60,20,0
42003461000,456,44,62,2,2,3,437,33,24,16,0,0
42003462100,928,17,196,73,0,0,1141,28,171,30,0,0
42003462600,1140,142,124,53,22,0,1379,62,117,34,0,0
42003463900,1006,39,50,78,9,0,1051,50,114,32,0,0
42003464300,1034,126,126,27,10,0,1246,70,295,16,0,0
42003464400,1028,159,45,16,29,0,1201,75,28,0,0,0
42003465600,743,32,136,114,0,0,1015,149,168,78,0,0
42003465800,1325,109,414,52,10,0,1320,151,286,80,23,11
42003468700,524,106,82,9,9,0,692,97,115,57,27,0
42003468800,923,65,206,72,11,0,1006,84,139,36,8,0
42003468900,1221,101,246,75,0,29,1460,122,250,49,41,0
42003469000,1596,119,384,207,87,0,1867,210,466,130,21,8
42003470300,1234,67,399,125,64,18,1769,40,414,146,47,0
42003470400,1092,88,200,143,15,7,1465,115,268,188,32,0
42003470501,1503,97,575,384,34,14,1746,276,645,215,9,27
42003470502,1012,59,299,134,41,12,1073,70,291,106,0,0
42003470600,981,108,88,9,0,0,1313,99,124,24,18,0
42003471000,463,48,77,22,0,0,476,35,62,17,0,0
42003472100,847,119,221,47,53,0,1063,157,285,93,0,26
42003472200,1060,70,269,64,11,15,875,72,268,21,14,0
42003472300,662,33,167,44,36,0,698,56,170,51,0,0
42003472400,593,56,120,62,13,0,797,82,111,48,0,11
42003473100,1457,125,562,242,166,41,1853,151,721,447,15,35
42003473200,1027,100,277,92,52,0,1160,42,254,300,20,0
42003473300,1689,121,711,284,80,88,2219,141,761,253,101,43
42003473401,1295,60,421,273,155,66,1295,80,290,344,74,27
42003473402,1198,63,484,211,172,36,1375,68,534,281,25,12
42003473500,1222,34,491,288,130,53,1387,76,552,298,88,39
42003473601,1185,11,428,235,222,87,1483,143,590,250,100,91
42003473602,1571,97,539,285,101,112,1943,143,509,277,63,42
42003474101,1091,89,419,119,156,48,1290,72,400,214,69,46
42003474102,1234,25,509,173,202,65,1270,66,390,266,110,32
42003474201,818,0,403,157,102,53,937,101,292,221,63,24
42003474202,1465,62,725,229,141,67,1916,132,681,219,50,61
42003474203,1443,114,609,246,96,80,1449,112,525,263,101,12
42003475101,1658,100,425,214,96,13,1765,169,410,171,0,0
42003475102,569,51,196,40,0,21,613,34,172,61,9,0
42003475200,1636,161,549,145,40,49,1882,130,503,159,16,14
42003475301,1504,75,398,85,55,0,1783,242,251,41,15,0
42003475303,1434,148,466,212,18,25,1503,158,452,128,24,19
42003475304,1784,111,785,301,111,22,2009,230,520,237,0,22
42003475401,1352,86,331,111,68,0,1351,102,287,119,45,8
42003475402,984,89,272,121,20,29,1087,95,299,135,0,10
42003476100,1502,266,291,37,0,49,2042,321,273,115,48,0
42003476200,1174,127,179,55,0,15,1357,109,378,40,6,0
42003477100,1293,129,242,142,61,17,1488,130,235,160,55,9
42003477200,1370,126,413,91,10,12,1777,159,322,173,25,0
42003477300,1974,144,417,106,46,57,2136,345,239,167,15,29
42003478100,1390,162,297,82,22,15,1638,166,341,85,29,0
42003478200,1881,242,256,29,0,18,1936,352,312,90,0,0
42003479000,662,78,79,62,5,0,865,111,149,81,30,0
42003480101,1393,48,301,38,44,13,1713,198,185,53,0,0
42003480102,1098,159,147,53,0,0,1337,112,123,87,0,0
42003480200,1221,152,223,134,30,0,1264,136,186,73,48,12
42003480300,1097,83,149,55,23,9,1297,86,202,91,17,9
42003480400,1801,164,352,55,25,19,2187,149,258,136,40,0
42003481000,1115,68,39,31,0,19,1151,63,59,133,0,0
42003482500,687,43,87,41,15,0,723,54,99,43,0,0
42003483800,747,51,52,36,0,6,1123,125,110,120,10,0
42003484300,1089,62,122,21,11,47,1191,71,268,50,11,0
42003484500,2026,247,419,162,18,11,2280,330,329,161,0,36
42003484600,729,62,106,45,0,0,877,113,74,22,0,5
42003485000,450,44,11,18,0,0,528,67,36,17,4,0
42003486700,802,36,27,15,0,0,888,181,24,0,0,0
42003486800,491,20,45,0,0,20,648,102,7,11,0,0
42003486900,304,0,37,0,12,0,744,67,84,34,27,0
42003487000,709,18,119,14,0,0,653,72,85,7,0,4
42003488100,838,70,127,36,11,0,841,54,87,27,0,0
42003488200,1007,183,99,39,4,0,1282,112,207,0,0,0
42003488300,764,60,159,32,9,7,882,102,101,33,0,0
42003488400,1417,189,139,52,0,41,1953,415,73,25,10,0
42003488500,922,79,155,51,0,12,1108,152,92,104,10,0
42003488600,1762,142,245,160,53,13,1729,222,242,71,25,13
42003489001,1490,120,409,217,22,50,2006,266,428,156,35,20
42003489002,1390,70,530,117,7,29,1233,64,325,140,13,0
42003490002,1858,154,417,86,12,66,1936,255,229,122,13,12
42003490003,1353,98,318,146,14,32,1171,126,249,134,27,8
42003490004,1486,109,367,117,0,27,1693,136,404,173,0,0
42003491101,1849,117,576,225,150,125,2076,199,437,368,60,53
42003491200,874,70,157,53,0,28,820,33,135,22,11,15
42003492700,742,52,112,23,0,0,817,88,69,44,0,0
42003492800,665,138,62,11,0,5,1183,126,117,37,11,0
42003492900,666,63,78,19,0,0,932,107,126,15,0,0
42003494000,479,40,29,15,10,0,539,37,58,13,12,0
42003495000,1216,104,79,16,0,0,1303,171,38,57,0,0
42003496101,1018,57,157,103,0,0,1221,135,291,68,0,15
42003496102,1539,173,253,64,43,34,1924,294,288,65,35,14
42003496200,1986,194,232,120,56,0,2262,232,383,136,51,0
42003497000,381,21,25,18,3,0,378,32,39,12,0,0
42003498000,852,87,115,36,0,0,948,89,70,35,0,0
42003499300,613,137,141,13,0,0,516,99,61,25,0,0
42003499400,1029,88,59,10,8,0,1054,69,81,0,13,0
42003500300,1354,54,113,9,0,10,1591,171,138,10,10,20
42003501000,528,40,57,18,3,0,631,74,45,13,0,0
42003503002,2005,202,369,43,58,11,2614,262,539,151,15,15
42003504100,1673,151,106,12,0,14,2259,193,289,75,28,3
42003507000,708,78,93,26,6,0,1036,71,82,94,6,0
42003508000,605,78,95,15,0,0,844,90,47,19,21,8
42003509400,1849,249,222,11,18,0,2229,257,296,20,29,0
42003510000,449,33,11,11,0,6,716,66,71,49,0,0
42003512000,765,56,34,12,0,0,1052,138,62,12,0,0
42003512800,364,25,17,0,0,0,351,36,8,9,0,0
42003512900,309,27,9,0,0,0,399,72,25,4,0,0
42003513800,408,8,59,0,12,0,780,17,86,49,0,0
42003514000,623,45,59,17,7,0,629,43,42,21,0,0
42003515100,770,34,84,27,18,0,922,68,138,69,19,17
42003515200,768,183,126,92,0,9,869,120,166,137,6,8
42003515300,544,9,47,50,14,0,880,91,80,28,0,11
42003515401,862,54,314,120,38,52,1008,139,225,222,39,0
42003516100,549,29,158,92,61,14,560,0,130,146,49,22
42003516200,479,68,119,93,37,13,594,42,191,122,48,14
42003517000,564,65,185,15,0,5,839,82,112,45,0,0
42003518001,1152,66,263,292,18,78,1529,130,382,238,132,77
42003519000,1110,37,376,129,99,55,1294,166,358,148,85,52
42003520001,1144,78,254,66,81,72,1412,129,197,121,74,0
42003520002,1019,76,287,99,28,0,1370,142,270,45,25,0
42003521100,1627,173,491,76,22,0,1628,150,278,176,41,23
42003521200,1675,142,561,167,12,77,1709,99,444,239,23,22
42003521301,1291,89,394,122,28,60,1801,111,348,227,48,17
42003521302,1300,97,385,190,16,0,1697,222,319,153,25,0
42003521401,1023,124,355,121,0,15,1068,164,138,52,7,9
42003521402,1426,34,577,224,112,47,1479,103,489,145,51,24
42003521500,1553,281,364,155,61,32,1658,204,394,147,11,0
42003522000,1100,102,137,58,0,0,1202,125,200,46,23,0
42003523100,1269,208,72,0,13,22,1591,151,170,73,0,28
42003523200,1175,138,143,28,24,11,1804,164,316,131,19,24
42003523300,1343,233,232,106,0,25,1784,111,258,169,32,9
42003523400,1551,53,220,138,7,70,2124,379,217,126,83,30
42003523501,1668,216,222,113,8,4,1792,223,375,89,11,0
42003523502,564,23,28,26,0,0,462,71,32,0,0,0
42003523600,1728,129,392,103,0,14,1916,264,392,99,0,29
42003523701,1364,195,157,78,12,14,1599,100,228,112,19,0
42003523702,1750,242,236,40,33,0,1985,89,247,102,48,12
42003523800,1608,202,374,49,28,0,2124,323,386,150,0,0
42003524000,715,110,46,0,0,0,925,84,115,55,14,0
42003525100,805,117,259,118,26,10,832,53,313,132,8,17
42003525200,664,39,243,40,46,10,762,42,140,49,25,0
42003525300,695,48,181,56,55,27,1045,75,201,97,41,21
42003526101,2152,144,522,201,47,32,2471,257,619,208,44,11
42003526102,635,0,112,19,0,17,769,67,92,107,0,5
42003526201,1319,76,248,169,29,33,1376,180,237,90,14,0
42003526202,1666,147,337,111,10,0,1675,193,321,109,0,32
42003526301,1392,235,287,111,9,0,1517,173,290,91,17,21
42003526302,1676,128,652,166,11,35,1959,308,414,193,0,0
42003550900,477,76,51,0,0,9,673,40,30,39,0,0
42003551200,958,106,48,92,0,0,1333,134,56,20,0,8
42003551300,914,45,83,33,13,0,893,147,45,19,0,0
42003551900,516,23,74,10,0,0,449,59,23,0,0,0
42003552000,830,37,9,34,10,0,946,92,20,8,0,0
42003552100,281,0,0,0,0,8,668,43,31,15,0,0
42003552200,335,11,66,10,0,0,461,9,9,0,0,0
42003552300,700,47,59,0,0,0,790,59,119,0,0,0
42003552400,1147,124,34,38,0,8,1126,77,72,87,0,11
42003560400,485,88,44,30,0,0,525,26,71,47,0,0
42003560500,859,121,229,117,21,59,1043,84,327,226,40,61
42003560600,160,11,28,0,10,11,436,52,39,0,10,0
42003561000,511,37,50,0,12,7,467,126,50,11,0,0
42003561100,246,7,0,0,0,0,306,22,11,0,0,0
42003561200,546,27,29,15,15,15,500,30,51,14,0,0
42003561400,1613,215,250,122,0,28,1801,116,330,169,9,0
42003561500,895,159,173,25,54,12,1243,73,158,139,9,12
42003561600,511,48,35,0,0,10,815,33,0,21,10,0
42003561700,269,13,17,16,0,0,395,24,5,21,0,0
42003561900,710,82,29,25,0,0,882,99,100,66,0,0
42003562000,995,36,286,102,155,106,831,9,171,203,62,97
42003562300,916,32,56,52,9,0,1408,164,198,56,9,9
42003562400,1072,59,118,32,14,6,1108,121,102,34,0,0
42003562500,709,89,74,34,0,0,1146,88,82,16,11,0
42003562600,870,163,112,0,0,0,815,142,45,7,0,0
42003562700,487,42,187,14,35,0,499,6,101,42,7,0
42003562800,454,36,61,23,0,0,694,57,65,67,0,0
42003562900,587,78,69,19,0,16,702,21,40,77,16,13
42003563000,603,16,73,17,12,0,1056,118,129,48,0,0
42003563100,1292,72,143,117,23,31,1364,153,211,177,12,8
42003563200,983,56,145,57,35,14,955,149,136,79,0,0
42003563300,505,20,138,89,87,28,592,28,159,110,45,3
42003563800,1193,33,364,163,105,32,1452,89,375,165,94,10
42003563900,1382,108,332,240,15,71,1590,199,312,210,0,15
42003564000,1773,101,329,151,74,0,1729,196,333,114,9,19
42003564100,327,20,125,56,45,19,348,30,130,69,18,8
42003564200,848,97,123,52,0,10,927,84,81,49,16,0
42003564400,1980,201,336,43,0,13,2187,244,353,140,0,0
42003564500,1167,83,188,69,0,0,1053,184,154,31,0,0
42003980000,0,0,0,0,0,0,0,0,0,0,0,0
42003980100,0,0,0,0,0,0,0,0,0,0,0,0
42003980300,10,0,0,0,0,0,0,0,0,0,0,0
42003980400,0,0,0,0,0,0,0,0,0,0,0,0
42003980500,42,0,10,9,0,0,10,0,0,0,0,0
42003980600,0,0,0,0,0,0,0,0,0,0,0,0
42003980700,10,0,0,0,0,0,10,0,0,10,0,0
42003980800,0,0,0,0,0,0,0,0,0,0,0,0
42003980900,1045,77,0,0,0,0,0,0,0,0,0,0
42003981000,10,0,0,0,0,0,10,0,0,0,0,0
42003981100,0,0,0,0,0,0,0,0,0,0,0,0
42003981200,0,0,0,0,0,0,0,0,0,0,0,0
42003981800,252,0,8,0,0,0,16,0,8,0,0,0
42003982200,33,0,0,1,32,0,65,0,25,40,0,0
