ID,PopTotal,PopUnder5,Pop5To9,Pop10To14,Pop15To19
4013010101,5062,150,105,100,165
4013010102,5127,9,76,57,141
4013030401,5245,0,76,114,241
4013030402,4541,100,98,188,164
4013040502,5304,351,95,115,236
4013040506,5559,0,0,0,0
4013040507,6731,0,0,0,0
4013040512,1776,0,0,0,0
4013040513,2978,0,9,0,0
4013040514,3156,9,0,0,0
4013040515,4654,79,182,189,166
4013040516,5407,43,224,262,204
4013040517,8553,390,343,663,465
4013040518,7639,463,490,453,308
4013040519,7078,493,294,235,144
4013040520,6181,376,528,575,611
4013040521,8898,999,919,1171,481
4013040522,4134,0,0,0,0
4013040523,3077,0,10,0,0
4013040524,1433,0,0,0,0
4013040525,3263,0,0,0,29
4013040526,2082,0,0,0,0
4013040527,4094,142,113,261,228
4013040528,5728,0,0,0,0
4013040529,3116,0,0,0,0
4013040530,3788,243,273,125,285
4013040531,3602,86,66,95,46
4013050603,5926,282,396,312,468
4013050604,3701,208,339,255,300
4013050605,9418,782,1061,887,685
4013050606,10341,402,809,1219,743
4013050607,8272,552,756,868,747
4013050608,7935,855,905,814,469
4013050609,5140,395,274,263,439
4013050610,12543,908,1364,1141,1202
4013050611,6081,462,727,633,475
4013050701,6526,654,723,471,493
4013050702,4979,259,293,365,492
4013060801,5737,305,346,394,312
4013060802,2937,243,223,293,255
4013060901,5497,485,546,623,439
4013060902,3273,330,302,308,186
4013060903,5912,579,442,846,489
4013060904,3820,335,351,328,329
4013061009,11277,831,620,797,692
4013061010,5800,293,322,471,254
4013061011,7931,817,585,578,873
4013061012,7935,563,399,621,860
4013061013,6719,633,527,506,483
4013061014,6849,648,487,378,330
4013061015,5573,572,274,385,420
4013061016,7929,546,552,977,675
4013061017,3657,0,0,0,10
4013061018,4298,0,0,0,0
4013061019,5366,527,381,473,428
4013061020,3622,201,223,397,397
4013061021,2100,116,229,310,193
4013061022,10228,667,804,991,522
4013061023,11567,753,664,1256,1026
4013061024,1895,112,143,134,202
4013061025,11393,835,874,1540,1169
4013061026,5875,420,525,590,579
4013061027,5552,356,373,534,192
4013061028,3064,204,245,260,183
4013061029,4809,255,184,248,266
4013061030,8451,669,760,949,720
4013061031,5098,252,492,411,458
4013061032,6521,436,369,705,599
4013061033,6917,451,443,610,484
4013061034,8147,617,709,613,869
4013061035,7154,463,327,793,444
4013061036,4306,285,410,481,380
4013061037,5671,396,531,605,308
4013061038,4524,333,324,417,409
4013061039,4423,198,238,603,425
4013061040,4294,249,223,274,285
4013061041,4543,310,419,451,207
4013061042,2274,129,111,133,76
4013061043,2783,187,238,297,324
4013061044,9169,626,1068,1033,511
4013061045,6892,246,458,680,405
4013061046,6397,401,550,524,406
4013061047,3871,134,395,328,344
4013061100,2401,231,223,122,412
4013061200,5924,689,614,236,448
4013061300,1891,79,75,162,130
4013061401,2257,172,254,260,145
4013061402,6184,649,688,496,533
4013071503,4646,0,0,17,0
4013071504,3408,12,0,0,21
4013071505,6820,0,117,180,46
4013071506,3983,0,0,0,0
4013071509,5490,233,293,222,446
4013071510,4038,178,274,226,320
4013071511,3468,101,211,212,193
4013071512,6404,191,292,524,584
4013071513,1662,113,76,129,89
4013071514,3843,261,302,248,206
4013071515,3535,186,151,130,161
4013071516,3246,140,0,92,97
4013071517,3836,338,270,245,222
4013071600,3943,225,132,314,265
4013071701,3041,182,318,356,126
4013071702,3091,31,15,0,12
4013071801,5205,44,0,50,57
4013071802,3427,0,0,0,0
4013071903,5632,275,421,284,208
4013071906,5497,464,306,528,359
4013071909,4030,303,213,222,167
4013071910,6616,664,330,396,360
4013071911,3276,269,241,380,166
4013071912,3183,119,235,284,246
4013071913,5350,384,550,364,428
4013071914,3080,159,215,333,249
4013071915,3552,295,337,215,191
4013082002,7225,723,788,507,371
4013082007,4589,359,239,359,521
4013082008,5793,649,466,542,411
4013082009,5894,552,686,639,458
4013082010,4996,308,330,598,441
4013082012,7742,516,816,675,765
4013082016,2843,107,234,361,162
4013082017,4721,544,517,532,291
4013082018,5881,575,434,459,541
4013082019,2856,48,102,187,257
4013082020,3860,117,20,357,503
4013082021,2457,234,134,171,190
4013082022,4824,389,448,435,385
4013082023,5347,343,446,481,400
4013082024,4533,535,183,484,271
4013082025,2799,241,216,178,119
4013082026,6119,368,397,432,467
4013082027,4705,315,436,350,380
4013082028,4671,164,148,400,553
4013082203,11710,868,1081,1010,790
4013082204,6953,605,624,857,732
4013082205,7008,823,714,749,489
4013082206,5036,517,364,420,482
4013082207,3687,225,355,412,372
4013082208,3070,178,342,351,253
4013082209,3058,191,166,352,292
4013082210,5138,441,465,428,588
4013082211,6171,519,757,546,443
4013083000,7246,580,711,570,383
4013092305,4425,205,345,397,351
4013092306,6429,336,519,287,336
4013092307,6183,358,331,600,352
4013092308,7129,706,545,374,318
4013092309,6188,347,344,439,312
4013092311,3637,224,131,229,341
4013092312,5161,468,301,103,328
4013092401,4933,289,470,319,345
4013092402,3453,370,274,47,139
4013092500,4771,171,382,403,358
4013092600,3171,228,376,334,235
4013092705,4612,294,307,476,352
4013092708,2197,243,169,134,143
4013092709,4283,274,222,367,288
4013092710,5005,196,155,217,588
4013092711,3513,241,240,323,252
4013092712,6101,596,409,371,700
4013092713,5351,395,480,487,497
4013092715,4504,304,414,375,456
4013092716,4311,429,204,279,481
4013092717,5547,636,468,364,409
4013092718,3945,274,355,501,342
4013092719,4886,368,283,337,328
4013092720,6144,519,374,506,544
4013092721,3689,223,339,278,358
4013092723,3837,310,352,156,178
4013092724,3976,186,222,264,260
4013092801,5350,417,652,434,625
4013092802,6747,798,700,550,725
4013092900,3303,189,282,333,276
4013093001,5696,602,552,327,401
4013093002,4905,390,433,537,759
4013093101,5040,653,389,362,304
4013093104,5107,637,625,666,348
4013093105,5467,683,430,399,390
4013093106,5293,627,503,479,470
4013093200,4053,282,431,522,275
4013103205,2943,256,180,203,179
4013103206,2624,105,116,252,235
4013103207,2625,155,116,153,153
4013103208,3709,72,181,94,110
4013103209,5276,102,458,468,150
4013103210,7348,343,246,286,468
4013103211,4323,139,184,189,272
4013103212,4244,228,190,230,302
4013103214,4401,187,201,353,324
4013103215,3224,78,253,182,269
4013103216,4954,369,291,163,278
4013103217,6068,253,401,477,347
4013103219,3263,88,115,129,114
4013103220,3095,219,128,104,140
4013103302,7237,324,421,321,588
4013103303,3739,266,106,183,168
4013103304,5304,406,269,782,415
4013103305,3234,153,184,290,291
4013103306,4466,481,455,340,215
4013103400,4728,279,242,222,352
4013103501,3040,145,153,239,112
4013103502,6195,445,275,271,231
4013103604,4843,341,398,350,288
4013103605,6154,392,251,339,155
4013103606,4778,339,160,289,195
4013103607,4566,192,165,253,189
4013103608,4413,505,365,449,89
4013103609,5647,449,506,131,298
4013103611,5244,206,210,139,245
4013103612,5573,323,406,108,143
4013103614,2909,213,160,186,117
4013103615,5990,756,456,409,432
4013103701,4635,23,191,213,213
4013103702,3423,57,192,93,124
4013103900,6272,358,355,316,468
4013104000,7256,780,487,260,467
4013104100,7241,442,531,498,529
4013104202,5346,210,139,456,356
4013104203,7325,718,167,467,440
4013104204,3883,182,324,289,389
4013104205,5948,285,320,427,329
4013104206,4376,304,397,324,269
4013104207,4257,161,184,124,273
4013104212,6230,345,313,352,598
4013104214,2424,160,171,118,165
4013104215,4000,185,203,206,219
4013104216,5545,406,234,390,373
4013104217,5645,272,187,205,611
4013104218,4081,145,326,326,248
4013104219,3284,138,272,149,449
4013104221,5974,317,375,601,342
4013104222,6079,378,419,299,388
4013104223,2120,97,44,61,96
4013104224,6002,326,366,410,273
4013104225,4012,230,208,243,270
4013104226,4450,231,318,184,241
4013104227,2197,135,281,142,48
4013104301,4015,245,300,278,271
4013104302,3862,306,336,129,125
4013104401,4591,238,180,149,216
4013104402,2703,463,335,38,14
4013104501,4321,319,319,401,360
4013104502,5884,611,435,574,409
4013104600,4026,321,106,272,235
4013104701,2836,203,131,39,77
4013104702,4289,184,168,285,277
4013104801,3609,220,334,90,55
4013104802,5736,76,385,230,535
4013104900,4437,313,236,261,270
4013105002,3026,140,208,100,177
4013105003,4694,167,321,305,257
4013105004,3649,178,111,156,194
4013105101,4381,213,245,288,244
4013105102,4573,165,92,201,40
4013105103,3236,137,90,206,227
4013105200,6975,723,267,408,242
4013105300,5417,379,372,373,161
4013105400,4216,316,321,362,150
4013105501,2609,267,225,154,182
4013105502,2011,316,125,100,93
4013105503,3684,314,229,190,176
4013105601,3989,217,248,517,466
4013105602,6552,857,386,495,478
4013105701,3583,94,334,332,344
4013105702,4880,481,281,429,356
4013105800,6968,451,774,510,368
4013105900,5132,399,339,210,94
4013106001,1723,198,129,72,105
4013106002,2766,202,205,141,134
4013106003,4207,368,512,189,303
4013106100,5569,249,320,90,347
4013106200,3369,116,288,300,211
4013106300,5023,251,311,503,57
4013106400,2966,118,136,217,59
4013106501,3306,265,330,199,133
4013106502,3451,131,100,119,56
4013106600,4098,279,224,284,195
4013106701,4940,578,267,313,202
4013106702,1377,46,65,82,136
4013106703,2351,165,150,123,91
4013106801,4694,528,386,383,334
4013106802,3558,140,323,239,262
4013106900,8561,715,704,521,1171
4013107000,9081,1169,378,795,874
4013107101,4504,317,288,388,467
4013107102,6246,395,758,772,625
4013107201,1825,85,32,126,540
4013107202,5254,361,449,707,485
4013107300,6635,686,664,441,605
4013107400,7683,706,813,404,400
4013107500,3843,127,82,238,277
4013107601,3581,146,94,87,185
4013107602,3137,226,177,256,158
4013107700,4333,118,192,288,149
4013107800,2217,26,16,21,28
4013107900,3729,223,182,160,205
4013108000,2924,185,126,271,443
4013108100,2377,170,178,89,113
4013108200,3366,158,173,144,167
4013108301,3487,259,176,111,94
4013108302,2930,133,47,110,116
4013108400,5642,182,461,299,31
4013108501,2437,156,113,119,125
4013108502,3521,164,84,35,166
4013108601,2833,247,120,149,127
4013108602,6632,314,493,509,366
4013108802,2030,93,36,34,96
4013108901,2107,91,54,84,27
4013108902,5116,314,387,331,437
4013109001,4952,541,636,435,464
4013109002,4674,514,470,437,331
4013109003,6165,668,653,692,324
4013109101,3917,284,446,403,405
4013109102,6637,298,662,632,484
4013109200,3935,267,193,233,260
4013109300,5343,320,595,533,500
4013109400,9113,733,941,998,314
4013109500,6561,521,675,700,559
4013109601,5491,580,505,502,667
4013109602,7269,877,597,687,664
4013109603,5317,543,624,414,438
4013109604,4253,561,410,357,294
4013109701,8685,1138,993,606,798
4013109702,5902,382,699,564,682
4013109703,3279,186,211,313,404
4013109704,2586,279,216,353,204
4013109705,2449,170,142,122,270
4013109801,4994,413,624,489,385
4013109802,5894,309,363,529,720
4013109900,9128,952,915,1138,1006
4013110001,5362,541,337,535,652
4013110002,4064,344,308,287,420
4013110100,7122,555,837,806,658
4013110400,5179,249,266,149,151
4013110501,3027,72,51,160,42
4013110502,2605,134,13,61,30
4013110600,4251,117,156,267,205
4013110701,2674,66,160,104,224
4013110702,4305,221,241,247,290
4013110801,5502,429,475,300,212
4013110802,2227,88,117,109,71
4013110901,3149,84,67,317,54
4013110902,5277,612,655,264,235
4013111000,4619,404,233,229,306
4013111100,4541,307,338,291,236
4013111201,6592,426,768,155,326
4013111202,2418,186,177,218,132
4013111203,1567,108,91,89,53
4013111204,2766,143,121,51,73
4013111300,6007,295,155,301,559
4013111401,4584,357,387,348,423
4013111402,4125,282,252,201,275
4013111501,2148,70,200,277,259
4013111502,6364,427,571,540,429
4013111601,3591,184,185,320,324
4013111602,5242,341,392,421,498
4013111700,6238,416,270,294,309
4013111800,4584,242,176,277,97
4013111900,2481,160,53,97,96
4013112100,3748,353,420,288,355
4013112201,4941,393,332,465,519
4013112202,4515,182,297,344,419
4013112301,5768,436,611,434,528
4013112302,7777,644,574,636,740
4013112401,6004,299,557,623,727
4013112402,6661,505,666,553,720
4013112502,6582,590,685,637,703
4013112503,9960,519,701,977,935
4013112504,4468,506,413,470,387
4013112505,9863,1618,969,799,866
4013112507,3069,337,339,430,324
4013112508,2211,210,212,234,95
4013112509,11473,1703,1349,775,924
4013112510,4995,537,526,482,321
4013112511,10117,796,890,1024,891
4013112512,770,98,79,85,98
4013112513,9486,603,1026,834,836
4013112514,5225,371,415,566,447
4013112601,3804,488,392,433,344
4013112602,8617,897,1054,1045,745
4013112700,7403,759,525,747,800
4013112900,4835,204,360,345,140
4013113000,2318,12,0,29,38
4013113100,4277,70,0,27,1268
4013113201,2674,219,188,218,367
4013113202,2095,189,189,111,158
4013113203,2642,221,117,107,136
4013113300,4987,524,542,603,321
4013113400,343,16,3,1,6
4013113501,4824,405,308,422,375
4013113502,3366,411,439,384,356
4013113601,5272,391,346,425,421
4013113602,4090,378,427,204,256
4013113700,8039,565,421,513,647
4013113801,2252,160,106,25,124
4013113802,0,0,0,0,0
4013113900,1457,263,143,147,157
4013114000,1996,7,102,0,24
4013114100,1533,10,0,17,25
4013114200,994,0,23,53,82
4013114301,565,24,4,0,6
4013114302,3173,421,356,348,233
4013114401,1458,63,88,96,164
4013114402,2085,145,159,220,169
4013114500,4044,310,279,364,373
4013114600,1611,236,84,56,76
4013114703,5255,68,77,142,217
4013114800,3493,280,313,346,295
4013114900,2562,153,217,231,91
4013115200,3110,311,231,389,338
4013115300,3181,220,331,289,255
4013115400,2056,151,232,133,123
4013115500,4230,341,373,363,343
4013115600,3864,382,251,183,487
4013115700,7395,684,836,569,613
4013115801,4522,545,397,171,445
4013115802,3420,381,181,189,124
4013115900,6660,626,586,455,533
4013116000,6713,495,586,595,542
4013116100,4310,325,377,382,525
4013116202,5598,473,349,493,566
4013116203,5813,367,487,501,538
4013116204,3843,99,134,463,406
4013116205,4506,348,370,251,218
4013116300,7197,712,375,571,341
4013116400,6000,369,468,406,527
4013116500,5108,479,566,324,273
4013116602,8129,558,972,839,819
4013116603,7586,705,716,718,755
4013116604,4966,467,408,407,411
4013116605,7270,578,920,617,635
4013116606,6947,683,616,916,514
4013116607,3954,291,237,518,284
4013116608,4912,543,540,464,319
4013116609,5386,509,427,537,480
4013116610,6047,760,542,444,483
4013116611,3687,188,319,257,183
4013116612,6274,499,351,607,451
4013116613,7933,910,626,489,507
4013116702,9026,806,661,847,786
4013116703,5611,486,425,478,369
4013116704,9060,487,378,670,679
4013116707,2947,183,121,271,99
4013116708,5198,100,281,312,74
4013116709,2682,175,166,114,93
4013116710,5081,264,344,359,326
4013116711,2320,107,204,206,131
4013116712,7911,532,404,637,588
4013116713,6420,477,435,375,598
4013116714,3560,162,271,201,327
4013116715,1978,101,128,98,111
4013116717,3298,155,145,193,200
4013116718,3057,244,173,130,144
4013116719,7137,456,424,491,511
4013116720,4528,386,446,350,171
4013116721,3388,148,304,223,141
4013116725,5301,231,430,315,342
4013116727,3988,117,210,278,346
4013116728,4657,178,278,359,358
4013116729,4103,164,193,438,239
4013116730,1821,44,97,203,153
4013116731,3189,130,176,209,254
4013116732,3956,412,348,292,193
4013116733,260,5,5,16,10
4013116800,2794,224,195,126,215
4013116900,2661,289,336,296,329
4013117000,7040,581,656,865,402
4013117100,2712,97,87,92,45
4013117200,1309,63,150,138,128
4013117300,1263,141,111,114,90
4013216806,3468,93,135,72,152
4013216807,5145,97,196,360,299
4013216809,5258,132,156,415,482
4013216810,1673,45,16,21,25
4013216813,4141,71,196,177,85
4013216816,6656,189,338,476,294
4013216818,7437,116,187,246,400
4013216819,6481,192,314,171,183
4013216820,4462,74,42,174,197
4013216821,6349,170,126,212,191
4013216822,4290,0,58,233,211
4013216826,4566,254,121,184,171
4013216829,5669,182,219,67,88
4013216830,3299,65,64,84,220
4013216831,3098,94,108,231,215
4013216832,2283,26,28,75,85
4013216833,4917,427,339,170,68
4013216834,2255,56,32,146,16
4013216835,2874,85,21,86,80
4013216836,4336,262,308,307,267
4013216837,5358,210,193,252,308
4013216838,5310,491,203,359,324
4013216839,4162,273,214,255,198
4013216840,4967,172,297,336,231
4013216841,3996,233,259,260,185
4013216842,3847,139,188,546,409
4013216843,3438,16,61,40,38
4013216844,4612,71,104,146,68
4013216845,2165,127,85,95,79
4013216846,7373,232,414,575,494
4013216847,7943,404,623,637,520
4013216848,6781,109,149,405,733
4013216849,6670,176,302,389,501
4013216850,4576,15,321,221,66
4013216851,4293,56,68,277,249
4013216852,3189,79,199,84,54
4013216853,5288,253,196,169,258
4013216901,3323,132,67,63,47
4013216902,4252,237,238,267,129
4013217001,4628,138,51,36,79
4013217002,6017,390,197,276,229
4013217101,2879,111,163,126,58
4013217102,2926,165,89,138,152
4013217201,2237,65,92,29,6
4013217203,3678,37,43,74,91
4013217204,3624,140,83,308,111
4013217300,4425,158,152,310,80
4013217400,3232,82,161,36,136
4013217501,3831,222,251,183,196
4013217502,3173,87,34,89,35
4013217600,4891,132,126,179,212
4013217700,5211,483,259,297,187
4013217800,6345,253,194,258,117
4013217900,4194,152,63,66,188
4013218000,5983,426,298,189,79
4013218100,2274,215,84,38,136
4013218200,9097,313,248,283,566
4013218300,4629,204,230,84,133
4013318400,5590,226,100,374,386
4013318501,3389,107,148,120,94
4013318700,3843,0,25,0,1808
4013318800,7334,231,236,58,554
4013318900,7018,158,177,198,611
4013319000,9085,29,4,79,4937
4013319101,3291,19,82,23,396
4013319103,5318,39,90,179,369
4013319104,7228,267,160,44,509
4013319201,6849,866,240,268,604
4013319202,3539,113,21,53,88
4013319300,3005,91,98,236,220
4013319401,7236,407,260,405,395
4013319402,4094,160,214,258,133
4013319403,4926,337,110,214,404
4013319404,3626,169,92,101,191
4013319500,6406,482,229,204,426
4013319600,6403,372,310,168,293
4013319703,4552,271,147,57,440
4013319704,1935,60,56,88,33
4013319705,3713,190,192,191,353
4013319706,5873,620,484,276,313
4013319800,6761,365,412,342,351
4013319902,2983,146,166,76,166
4013319903,6049,172,352,285,397
4013319904,5234,277,263,152,279
4013319905,5362,126,242,351,310
4013319906,3596,208,107,206,245
4013319907,2266,47,106,163,176
4013319908,2699,108,143,174,174
4013319909,2495,136,105,157,75
4013319910,5635,332,227,332,370
4013320001,8801,678,711,363,159
4013320002,6482,576,469,586,390
4013320007,7235,132,233,398,350
4013320100,3409,96,19,24,128
4013420104,5887,267,384,264,428
4013420105,6102,313,379,303,414
4013420107,6743,374,287,446,388
4013420108,1758,69,150,162,136
4013420109,4874,197,184,315,405
4013420110,5552,341,485,416,342
4013420111,3865,332,218,198,238
4013420112,3299,236,230,261,217
4013420113,3807,167,224,312,246
4013420114,4003,211,310,375,318
4013420115,3288,91,407,233,157
4013420116,2876,7,37,166,88
4013420202,5605,484,137,87,197
4013420206,3634,70,22,43,96
4013420207,2881,39,120,135,166
4013420208,5770,332,548,464,524
4013420209,4022,101,119,238,156
4013420210,5590,356,356,469,490
4013420211,4238,118,173,429,229
4013420212,3240,158,50,86,137
4013420213,1947,0,0,9,0
4013420214,4128,153,142,65,109
4013420215,2335,205,133,153,126
4013420216,4319,221,275,294,114
4013420301,2386,186,257,181,99
4013420302,4761,285,352,447,364
4013420303,4775,410,419,362,423
4013420304,1131,45,83,96,56
4013420401,4766,314,434,416,311
4013420402,4161,487,301,296,273
4013420501,7585,550,600,626,322
4013420503,3917,435,411,335,169
4013420504,3653,222,172,258,289
4013420602,5364,358,352,478,359
4013420603,4059,204,317,258,318
4013420604,4762,228,404,405,490
4013420704,4968,368,347,370,310
4013420705,3946,129,344,445,401
4013420706,5048,408,373,538,373
4013420707,2373,53,26,25,132
4013420708,3679,126,170,94,0
4013420709,3472,118,48,71,63
4013420710,3845,335,261,133,254
4013420800,5429,540,472,312,447
4013420901,4126,506,357,349,356
4013420902,3761,263,337,299,185
4013421001,3991,242,174,186,177
4013421002,3445,297,193,260,388
4013421101,4987,334,298,506,252
4013421102,7069,693,739,510,448
4013421201,4976,308,213,111,198
4013421202,3997,180,236,267,327
4013421302,5504,424,240,222,381
4013421303,6196,613,529,500,370
4013421304,3237,322,91,106,138
4013421400,2452,157,18,63,48
4013421501,3911,351,207,336,262
4013421502,3340,194,305,472,208
4013421601,3767,439,327,234,334
4013421602,4622,303,355,437,271
4013421701,5185,543,278,200,466
4013421702,4678,324,462,452,420
4013421801,3029,173,203,221,274
4013421802,5205,562,524,386,152
4013421901,3944,352,385,370,374
4013421902,6686,794,671,772,478
4013422001,4452,467,369,352,251
4013422002,4330,270,433,420,379
4013422102,4825,274,460,220,708
4013422103,5308,566,370,277,175
4013422104,6508,481,696,348,521
4013422105,3384,232,411,245,113
4013422106,6200,605,611,483,352
4013422107,4365,299,356,271,226
4013422203,5493,518,373,303,336
4013422204,3049,171,175,102,175
4013422205,1612,91,77,82,44
4013422209,6660,430,342,307,313
4013422210,5292,451,329,244,236
4013422211,2633,105,86,164,148
4013422212,4434,311,215,257,234
4013422213,2765,124,228,166,202
4013422215,2254,143,177,139,139
4013422216,6512,384,343,474,160
4013422217,3618,227,233,161,133
4013422218,2765,138,193,229,159
4013422219,2922,152,128,277,220
4013422220,2008,109,118,88,66
4013422221,4051,216,108,159,242
4013422222,2365,282,82,224,152
4013422301,5667,383,436,668,507
4013422302,5512,323,551,404,374
4013422304,2843,154,66,89,191
4013422305,5275,269,256,413,327
4013422307,4070,185,274,167,255
4013422308,5554,288,380,443,534
4013422309,4815,380,361,346,381
4013422401,2969,240,223,161,202
4013422402,5240,364,430,265,555
4013422403,4863,292,257,336,278
4013422404,4403,294,269,334,324
4013422501,6305,606,340,366,541
4013422502,6503,529,507,523,363
4013422503,6946,577,463,365,292
4013422504,5144,506,389,329,345
4013422506,4854,457,391,310,220
4013422507,4473,172,338,226,332
4013422508,3002,63,165,276,259
4013422509,5023,407,320,379,211
4013422510,3086,178,185,248,219
4013422511,2722,130,182,325,222
4013422512,4891,240,307,412,522
4013422513,4408,292,325,295,346
4013422514,5795,504,449,336,380
4013422606,11064,968,1178,1230,859
4013422607,4198,128,0,102,0
4013422609,4556,184,223,240,202
4013422610,3138,0,57,13,47
4013422615,7098,508,582,557,646
4013422616,4779,222,202,473,197
4013422617,5846,370,337,648,593
4013422618,2632,0,0,0,0
4013422620,3262,223,274,295,299
4013422621,4476,456,417,398,342
4013422622,4091,202,301,422,362
4013422623,7425,637,467,1021,885
4013422624,2589,0,0,0,0
4013422625,4541,228,153,283,302
4013422626,2664,37,72,92,66
4013422627,3723,57,138,213,208
4013422628,3472,98,367,429,173
4013422629,3103,155,76,204,203
4013422630,4999,154,241,298,395
4013422631,4512,324,188,268,331
4013422632,3992,171,160,175,150
4013422633,2966,138,186,184,245
4013422634,5069,225,315,243,327
4013422635,1791,91,8,8,61
4013422636,2661,105,232,69,78
4013422637,3487,295,248,152,265
4013422638,4390,401,247,428,363
4013422639,3603,0,40,0,0
4013422640,4563,186,356,285,131
4013422641,7881,676,711,599,650
4013422642,5533,249,351,433,374
4013422643,6065,418,740,520,452
4013422644,9764,512,667,819,442
4013422646,13026,924,1222,1485,1179
4013522800,981,104,11,0,294
4013522901,4387,245,199,296,285
4013522903,4765,411,361,383,368
4013522904,4795,280,400,310,453
4013523002,5676,234,399,563,437
4013523003,6678,94,484,565,405
4013523005,4741,270,205,359,250
4013523006,5910,338,437,654,378
4013523102,5540,336,481,464,551
4013523103,5751,547,198,422,449
4013523104,6136,494,354,329,546
4013610000,8147,338,621,499,493
4013610100,630,13,35,53,46
4013610200,7313,119,233,433,558
4013610300,9538,452,905,787,938
4013610400,5617,393,521,526,597
4013610500,7271,206,270,259,408
4013610600,6069,394,443,609,321
4013610700,7048,195,335,358,391
4013610800,5472,504,521,432,280
4013610900,10472,653,874,853,701
4013611000,2768,168,222,217,269
4013611100,3757,179,443,327,269
4013611200,6325,509,480,586,568
4013611300,6568,535,469,478,335
4013611400,6419,458,552,604,499
4013611500,7645,504,615,850,519
4013611600,2910,79,224,283,189
4013611700,7181,83,801,574,754
4013611800,7094,271,625,587,763
4013611900,2949,122,130,230,464
4013612000,3423,153,218,386,225
4013612200,5975,541,534,362,265
4013612300,8309,557,532,449,419
4013612400,8161,777,797,616,531
4013612500,4303,189,196,373,426
4013612600,2444,196,143,136,48
4013612700,2276,85,64,185,99
4013612800,2335,212,131,132,71
4013612900,2769,158,246,207,173
4013613000,5393,291,273,311,294
4013613100,3215,32,138,36,169
4013613200,4246,216,222,284,297
4013613300,7507,454,447,728,542
4013613400,3654,158,163,186,274
4013613500,4449,403,202,285,302
4013613600,6292,351,653,547,402
4013613700,4911,364,468,471,365
4013613800,4333,271,248,337,312
4013613900,6276,530,330,505,519
4013614000,4352,181,187,343,382
4013614100,6643,333,480,584,554
4013614200,4754,201,165,282,376
4013614300,3112,110,95,99,43
4013614400,4025,190,215,206,331
4013614500,4283,368,231,286,310
4013614600,6515,558,393,301,269
4013614700,2977,354,102,114,116
4013614800,3933,302,148,121,168
4013614900,4273,456,217,175,190
4013615000,10113,537,880,1351,672
4013615100,4495,318,446,479,323
4013615200,7785,216,175,174,265
4013615300,1983,57,64,72,12
4013615400,2835,0,0,0,31
4013615500,2553,0,0,0,24
4013615600,2958,111,31,29,33
4013615700,3159,227,87,19,200
4013615800,4908,160,154,408,354
4013615900,4252,235,141,288,228
4013616000,2192,121,65,62,312
4013616100,3669,199,143,194,206
4013616200,3557,198,167,239,293
4013616300,2216,118,96,92,101
4013616400,5932,325,286,116,145
4013616500,3591,145,197,246,218
4013616600,6025,244,426,364,517
4013616700,5231,240,173,400,221
4013616800,5214,419,284,223,233
4013616900,3991,298,76,128,201
4013617000,6344,351,341,382,293
4013617100,2403,128,148,188,133
4013617200,2628,157,191,150,101
4013617300,3419,314,296,85,146
4013617400,7063,96,453,118,241
4013617500,3605,48,7,44,38
4013617600,5660,480,363,196,269
4013617700,3540,301,253,213,164
4013617800,2350,79,95,122,149
4013617900,2828,82,133,175,134
4013618000,4605,277,256,230,397
4013618100,4483,248,229,400,230
4013618200,4143,287,238,264,376
4013618300,3136,79,247,253,176
4013618400,3858,251,307,378,158
4013618500,4286,337,271,248,298
4013618600,5247,356,223,330,320
4013618700,2982,219,298,184,166
4013618800,4922,493,246,350,345
4013618900,6934,409,514,219,264
4013619000,3061,181,125,93,115
4013619100,3334,302,286,219,195
4013619200,5692,497,445,190,313
4013619300,5282,460,378,376,401
4013619400,5737,416,377,233,499
4013619500,6077,221,469,395,235
4013619600,1877,91,147,147,77
4013619700,4005,221,221,255,147
4013619800,4731,374,443,110,167
4013619900,6397,391,658,379,451
4013723303,106,0,28,28,14
4013723304,5200,187,389,174,304
4013723305,2611,249,271,205,202
4013723306,6413,0,6,14,56
4013723307,2022,90,155,173,184
4013723308,9969,927,635,684,747
4013810000,2949,281,135,135,138
4013810100,6609,292,321,350,556
4013810200,3905,332,388,225,267
4013810300,6097,288,384,488,289
4013810400,4891,395,265,277,279
4013810500,4557,273,151,353,194
4013810600,6635,354,529,364,493
4013810700,7068,378,379,683,396
4013810800,4330,238,234,276,191
4013810900,6128,162,256,768,419
4013811000,2898,191,195,229,189
4013811100,2977,229,101,167,158
4013811200,2871,292,133,87,71
4013811300,3045,257,202,213,168
4013811400,5067,267,272,425,306
4013811500,2606,145,214,251,223
4013811600,4451,230,319,343,257
4013811700,4438,335,251,206,254
4013811800,2203,130,177,183,139
4013811900,5970,309,440,303,510
4013812000,4989,364,432,393,237
4013812100,6662,554,484,288,503
4013812200,7472,482,575,557,573
4013812300,4909,342,451,509,289
4013812400,5207,445,570,534,208
4013812500,2246,238,276,181,160
4013812600,5273,171,210,435,397
4013812700,6544,747,384,381,385
4013812800,7052,500,775,569,507
4013812900,2840,68,209,181,171
4013813000,5168,150,397,408,311
4013813100,3563,295,384,341,293
4013813200,3958,268,318,390,358
4013813300,5824,312,530,828,319
4013813400,3570,96,268,405,350
4013813500,3302,141,206,417,351
4013813600,3877,257,317,346,278
4013813700,2478,0,0,0,0
4013813800,2629,0,21,12,0
4013813900,5662,470,469,559,380
4013814000,2573,9,60,64,84
4013814100,5222,327,406,559,494
4013814200,2642,81,79,156,271
4013814300,4000,285,272,334,312
4013814400,4522,327,231,386,333
4013814500,5060,397,280,393,546
4013814600,5088,307,334,401,507
4013814700,4034,444,339,283,292
4013814800,9087,805,1021,630,573
4013814900,2979,277,340,114,199
4013815000,3969,169,278,499,503
4013815100,5541,478,543,577,500
4013815200,10771,1288,895,623,622
4013815300,3772,153,239,467,496
4013815400,9601,595,873,1111,893
4013815500,7471,465,549,649,526
4013815600,6381,485,598,651,689
4013815700,5179,408,440,423,481
4013815800,6486,729,838,649,304
4013815900,10513,760,1146,1095,850
4013816000,18328,1306,1891,2183,1993
4013816100,6801,654,583,873,639
4013816200,3729,378,381,508,327
4013816300,6318,399,277,280,170
4013816400,7707,715,472,578,589
4013816500,4164,286,411,419,248
4013816600,5675,353,512,935,639
4013816700,2174,202,211,391,226
4013816800,6148,441,631,662,560
4013816900,8390,547,789,765,716
4013817000,3551,77,233,424,323
4013817100,10074,832,834,852,759
4013817200,7141,293,492,776,681
4013817300,5485,0,0,0,0
4013817400,2790,0,0,0,5
4013817500,2911,0,9,0,0
4013817600,2527,130,265,156,155
4013940700,123,0,12,12,10
4013941000,3191,231,298,353,307
4013941100,25,0,0,5,5
4013941200,1053,72,69,96,100
4013941300,7727,670,535,478,515
4013980100,0,0,0,0,0
4013980400,13,0,0,0,0
4013980500,0,0,0,0,0
4013980600,4291,366,353,564,114
4013980700,0,0,0,0,0
